,dt_reference,id_city_origin,id_city_destination,freight_cost,distance
0,07/01/2022,5107602.0,4118204.0,270.0,1578.91
1,21/01/2022,5107602.0,4118204.0,300.0,1578.91
2,11/02/2022,5107602.0,4118204.0,290.0,1578.91
3,18/02/2022,5107602.0,4118204.0,280.0,1578.91
4,25/02/2022,5107602.0,4118204.0,305.0,1578.91
5,18/03/2022,5107602.0,4118204.0,320.0,1578.91
6,25/03/2022,5107602.0,4118204.0,350.0,1578.91
7,01/04/2022,5107602.0,4118204.0,330.0,1578.91
8,03/06/2022,5107602.0,4118204.0,355.0,1578.91
9,10/06/2022,5107602.0,4118204.0,370.0,1578.91
10,17/06/2022,5107602.0,4118204.0,380.0,1578.91
11,24/06/2022,5107602.0,4118204.0,390.0,1578.91
12,15/07/2022,5107602.0,4118204.0,400.0,1578.91
13,22/07/2022,5107602.0,4118204.0,410.0,1578.91
14,19/08/2022,5107602.0,4118204.0,340.0,1578.91
15,02/09/2022,5107602.0,4118204.0,310.0,1578.91
16,09/12/2022,5107602.0,4118204.0,287.5,1578.91
17,13/01/2023,5107602.0,4118204.0,360.0,1578.91
18,12/05/2023,5107602.0,4118204.0,321.0,1578.91
19,30/06/2023,5107602.0,4118204.0,335.0,1578.91
20,07/07/2023,5107602.0,4118204.0,383.75,1578.91
21,21/07/2023,5107602.0,4118204.0,415.84,1578.91
22,04/08/2023,5107602.0,4118204.0,425.0,1578.91
23,08/09/2023,5107602.0,4118204.0,395.0,1578.91
24,22/09/2023,5107602.0,4118204.0,405.0,1578.91
25,29/09/2023,5107602.0,4118204.0,376.5,1578.91
26,03/11/2023,5107602.0,4118204.0,375.0,1578.91
27,17/11/2023,5107602.0,4118204.0,356.67,1578.91
28,26/01/2024,5107602.0,4118204.0,315.0,1578.91
29,15/03/2024,5107602.0,4118204.0,295.0,1578.91
30,22/03/2024,5107602.0,4118204.0,285.0,1578.91
31,24/05/2024,5107602.0,4118204.0,365.0,1578.91
32,07/01/2022,5107925.0,4118204.0,370.0,2189.78
33,21/01/2022,5107925.0,4118204.0,390.0,2189.78
34,28/01/2022,5107925.0,4118204.0,372.5,2189.78
35,11/02/2022,5107925.0,4118204.0,375.0,2189.78
36,18/02/2022,5107925.0,4118204.0,420.0,2189.78
37,25/02/2022,5107925.0,4118204.0,400.0,2189.78
38,25/03/2022,5107925.0,4118204.0,472.5,2189.78
39,01/04/2022,5107925.0,4118204.0,442.0,2189.78
40,08/04/2022,5107925.0,4118204.0,480.0,2189.78
41,15/04/2022,5107925.0,4118204.0,500.0,2189.78
42,22/04/2022,5107925.0,4118204.0,470.0,2189.78
43,06/05/2022,5107925.0,4118204.0,440.0,2189.78
44,10/06/2022,5107925.0,4118204.0,540.0,2189.78
45,17/06/2022,5107925.0,4118204.0,550.0,2189.78
46,01/07/2022,5107925.0,4118204.0,525.0,2189.78
47,08/07/2022,5107925.0,4118204.0,560.0,2189.78
48,15/07/2022,5107925.0,4118204.0,522.0,2189.78
49,29/07/2022,5107925.0,4118204.0,503.0,2189.78
50,05/08/2022,5107925.0,4118204.0,494.5,2189.78
51,12/08/2022,5107925.0,4118204.0,490.0,2189.78
52,19/08/2022,5107925.0,4118204.0,460.0,2189.78
53,26/08/2022,5107925.0,4118204.0,455.0,2189.78
54,02/09/2022,5107925.0,4118204.0,450.0,2189.78
55,07/10/2022,5107925.0,4118204.0,430.0,2189.78
56,14/10/2022,5107925.0,4118204.0,380.0,2189.78
57,28/10/2022,5107925.0,4118204.0,410.0,2189.78
58,03/02/2023,5107925.0,4118204.0,520.0,2189.78
59,24/02/2023,5107925.0,4118204.0,510.0,2189.78
60,03/03/2023,5107925.0,4118204.0,434.0,2189.78
61,10/03/2023,5107925.0,4118204.0,465.0,2189.78
62,24/03/2023,5107925.0,4118204.0,424.0,2189.78
63,06/04/2023,5107925.0,4118204.0,453.0,2189.78
64,30/06/2023,5107925.0,4118204.0,530.0,2189.78
65,14/07/2023,5107925.0,4118204.0,541.25,2189.78
66,21/07/2023,5107925.0,4118204.0,532.5,2189.78
67,04/08/2023,5107925.0,4118204.0,515.0,2189.78
68,01/09/2023,5107925.0,4118204.0,495.0,2189.78
69,08/09/2023,5107925.0,4118204.0,474.0,2189.78
70,15/09/2023,5107925.0,4118204.0,504.0,2189.78
71,22/09/2023,5107925.0,4118204.0,535.0,2189.78
72,06/10/2023,5107925.0,4118204.0,545.0,2189.78
73,20/10/2023,5107925.0,4118204.0,505.0,2189.78
74,08/12/2023,5107925.0,4118204.0,478.0,2189.78
75,02/02/2024,5107925.0,4118204.0,445.0,2189.78
76,23/02/2024,5107925.0,4118204.0,432.5,2189.78
77,08/03/2024,5107925.0,4118204.0,415.0,2189.78
78,12/04/2024,5107925.0,4118204.0,385.0,2189.78
79,17/05/2024,5107925.0,4118204.0,457.5,2189.78
80,24/05/2024,5107925.0,4118204.0,475.0,2189.78
81,07/06/2024,5107925.0,4118204.0,456.7,2189.78
82,14/06/2024,5107925.0,4118204.0,473.3,2189.78
83,21/06/2024,5107925.0,4118204.0,443.3,2189.78
84,28/06/2024,5107925.0,4118204.0,466.7,2189.78
85,07/01/2022,5102637.0,4118204.0,370.0,2194.56
86,21/01/2022,5102637.0,4118204.0,385.0,2194.56
87,28/01/2022,5102637.0,4118204.0,430.0,2194.56
88,11/02/2022,5102637.0,4118204.0,420.0,2194.56
89,25/02/2022,5102637.0,4118204.0,410.0,2194.56
90,11/03/2022,5102637.0,4118204.0,390.0,2194.56
91,25/03/2022,5102637.0,4118204.0,460.0,2194.56
92,01/04/2022,5102637.0,4118204.0,457.0,2194.56
93,08/04/2022,5102637.0,4118204.0,474.0,2194.56
94,22/04/2022,5102637.0,4118204.0,459.0,2194.56
95,29/04/2022,5102637.0,4118204.0,464.0,2194.56
96,27/05/2022,5102637.0,4118204.0,480.0,2194.56
97,10/06/2022,5102637.0,4118204.0,530.0,2194.56
98,24/06/2022,5102637.0,4118204.0,500.0,2194.56
99,01/07/2022,5102637.0,4118204.0,550.0,2194.56
100,12/08/2022,5102637.0,4118204.0,490.0,2194.56
101,19/08/2022,5102637.0,4118204.0,440.0,2194.56
102,26/08/2022,5102637.0,4118204.0,435.0,2194.56
103,09/09/2022,5102637.0,4118204.0,400.0,2194.56
104,23/09/2022,5102637.0,4118204.0,445.0,2194.56
105,21/10/2022,5102637.0,4118204.0,380.0,2194.56
106,16/12/2022,5102637.0,4118204.0,450.0,2194.56
107,10/02/2023,5102637.0,4118204.0,483.0,2194.56
108,17/02/2023,5102637.0,4118204.0,520.0,2194.56
109,19/05/2023,5102637.0,4118204.0,458.0,2194.56
110,26/05/2023,5102637.0,4118204.0,470.0,2194.56
111,23/06/2023,5102637.0,4118204.0,482.0,2194.56
112,30/06/2023,5102637.0,4118204.0,499.0,2194.56
113,14/07/2023,5102637.0,4118204.0,522.0,2194.56
114,21/07/2023,5102637.0,4118204.0,506.0,2194.56
115,28/07/2023,5102637.0,4118204.0,510.0,2194.56
116,15/09/2023,5102637.0,4118204.0,496.5,2194.56
117,22/09/2023,5102637.0,4118204.0,515.0,2194.56
118,29/09/2023,5102637.0,4118204.0,534.0,2194.56
119,06/10/2023,5102637.0,4118204.0,549.0,2194.56
120,13/10/2023,5102637.0,4118204.0,525.0,2194.56
121,27/10/2023,5102637.0,4118204.0,527.25,2194.56
122,03/11/2023,5102637.0,4118204.0,509.5,2194.56
123,16/02/2024,5102637.0,4118204.0,425.0,2194.56
124,23/02/2024,5102637.0,4118204.0,427.5,2194.56
125,08/03/2024,5102637.0,4118204.0,422.5,2194.56
126,22/03/2024,5102637.0,4118204.0,360.0,2194.56
127,28/03/2024,5102637.0,4118204.0,355.0,2194.56
128,19/04/2024,5102637.0,4118204.0,415.0,2194.56
129,10/05/2024,5102637.0,4118204.0,407.5,2194.56
130,17/05/2024,5102637.0,4118204.0,465.0,2194.56
131,24/05/2024,5102637.0,4118204.0,475.0,2194.56
132,14/06/2024,5102637.0,4118204.0,455.0,2194.56
133,28/06/2024,5102637.0,4118204.0,446.5,2194.56
134,14/01/2022,5103403.0,4118204.0,350.0,1794.22
135,28/01/2022,5103403.0,4118204.0,320.0,1794.22
136,04/02/2022,5103403.0,4118204.0,330.0,1794.22
137,11/02/2022,5103403.0,4118204.0,340.0,1794.22
138,18/03/2022,5103403.0,4118204.0,310.0,1794.22
139,01/04/2022,5103403.0,4118204.0,400.0,1794.22
140,22/04/2022,5103403.0,4118204.0,360.0,1794.22
141,13/05/2022,5103403.0,4118204.0,380.0,1794.22
142,10/06/2022,5103403.0,4118204.0,385.0,1794.22
143,17/06/2022,5103403.0,4118204.0,390.0,1794.22
144,24/06/2022,5103403.0,4118204.0,420.0,1794.22
145,01/07/2022,5103403.0,4118204.0,430.0,1794.22
146,15/07/2022,5103403.0,4118204.0,460.0,1794.22
147,12/08/2022,5103403.0,4118204.0,410.0,1794.22
148,09/09/2022,5103403.0,4118204.0,370.0,1794.22
149,31/03/2023,5103403.0,4118204.0,415.0,1794.22
150,26/05/2023,5103403.0,4118204.0,404.0,1794.22
151,02/06/2023,5103403.0,4118204.0,399.0,1794.22
152,23/06/2023,5103403.0,4118204.0,392.5,1794.22
153,07/07/2023,5103403.0,4118204.0,426.25,1794.22
154,14/07/2023,5103403.0,4118204.0,444.0,1794.22
155,21/07/2023,5103403.0,4118204.0,445.0,1794.22
156,04/08/2023,5103403.0,4118204.0,450.0,1794.22
157,22/09/2023,5103403.0,4118204.0,435.0,1794.22
158,10/11/2023,5103403.0,4118204.0,440.0,1794.22
159,26/01/2024,5103403.0,4118204.0,405.0,1794.22
160,16/02/2024,5103403.0,4118204.0,345.0,1794.22
161,15/03/2024,5103403.0,4118204.0,365.0,1794.22
162,07/06/2024,5103403.0,4118204.0,395.0,1794.22
163,07/01/2022,5107040.0,4118204.0,290.0,1710.2
164,14/01/2022,5107040.0,4118204.0,280.0,1710.2
165,28/01/2022,5107040.0,4118204.0,300.0,1710.2
166,11/02/2022,5107040.0,4118204.0,315.0,1710.2
167,18/02/2022,5107040.0,4118204.0,302.5,1710.2
168,25/02/2022,5107040.0,4118204.0,306.25,1710.2
169,04/03/2022,5107040.0,4118204.0,310.0,1710.2
170,11/03/2022,5107040.0,4118204.0,312.5,1710.2
171,25/03/2022,5107040.0,4118204.0,325.0,1710.2
172,01/04/2022,5107040.0,4118204.0,370.0,1710.2
173,08/04/2022,5107040.0,4118204.0,365.0,1710.2
174,22/04/2022,5107040.0,4118204.0,360.0,1710.2
175,29/04/2022,5107040.0,4118204.0,375.0,1710.2
176,13/05/2022,5107040.0,4118204.0,390.0,1710.2
177,03/06/2022,5107040.0,4118204.0,380.0,1710.2
178,10/06/2022,5107040.0,4118204.0,397.5,1710.2
179,17/06/2022,5107040.0,4118204.0,397.0,1710.2
180,24/06/2022,5107040.0,4118204.0,420.0,1710.2
181,01/07/2022,5107040.0,4118204.0,395.0,1710.2
182,08/07/2022,5107040.0,4118204.0,420.75,1710.2
183,15/07/2022,5107040.0,4118204.0,410.0,1710.2
184,22/07/2022,5107040.0,4118204.0,417.67,1710.2
185,29/07/2022,5107040.0,4118204.0,469.0,1710.2
186,02/09/2022,5107040.0,4118204.0,356.67,1710.2
187,09/09/2022,5107040.0,4118204.0,340.0,1710.2
188,23/09/2022,5107040.0,4118204.0,350.0,1710.2
189,30/09/2022,5107040.0,4118204.0,345.0,1710.2
190,07/10/2022,5107040.0,4118204.0,335.0,1710.2
191,14/10/2022,5107040.0,4118204.0,320.0,1710.2
192,21/10/2022,5107040.0,4118204.0,307.5,1710.2
193,04/11/2022,5107040.0,4118204.0,292.5,1710.2
194,18/11/2022,5107040.0,4118204.0,305.0,1710.2
195,09/12/2022,5107040.0,4118204.0,327.0,1710.2
196,23/12/2022,5107040.0,4118204.0,400.0,1710.2
197,13/01/2023,5107040.0,4118204.0,385.0,1710.2
198,27/01/2023,5107040.0,4118204.0,367.67,1710.2
199,03/02/2023,5107040.0,4118204.0,396.6,1710.2
200,10/02/2023,5107040.0,4118204.0,415.0,1710.2
201,03/03/2023,5107040.0,4118204.0,347.5,1710.2
202,14/04/2023,5107040.0,4118204.0,377.5,1710.2
203,12/05/2023,5107040.0,4118204.0,348.0,1710.2
204,19/05/2023,5107040.0,4118204.0,381.25,1710.2
205,26/05/2023,5107040.0,4118204.0,393.33,1710.2
206,23/06/2023,5107040.0,4118204.0,376.0,1710.2
207,30/06/2023,5107040.0,4118204.0,388.25,1710.2
208,07/07/2023,5107040.0,4118204.0,426.0,1710.2
209,14/07/2023,5107040.0,4118204.0,435.0,1710.2
210,28/07/2023,5107040.0,4118204.0,440.0,1710.2
211,15/09/2023,5107040.0,4118204.0,411.0,1710.2
212,22/09/2023,5107040.0,4118204.0,417.0,1710.2
213,06/10/2023,5107040.0,4118204.0,405.0,1710.2
214,20/10/2023,5107040.0,4118204.0,382.0,1710.2
215,27/10/2023,5107040.0,4118204.0,387.5,1710.2
216,24/11/2023,5107040.0,4118204.0,378.0,1710.2
217,08/12/2023,5107040.0,4118204.0,373.0,1710.2
218,26/01/2024,5107040.0,4118204.0,351.0,1710.2
219,02/02/2024,5107040.0,4118204.0,346.0,1710.2
220,16/02/2024,5107040.0,4118204.0,384.0,1710.2
221,23/02/2024,5107040.0,4118204.0,389.0,1710.2
222,01/03/2024,5107040.0,4118204.0,342.0,1710.2
223,08/03/2024,5107040.0,4118204.0,346.67,1710.2
224,15/03/2024,5107040.0,4118204.0,337.5,1710.2
225,22/03/2024,5107040.0,4118204.0,333.0,1710.2
226,28/03/2024,5107040.0,4118204.0,337.0,1710.2
227,05/04/2024,5107040.0,4118204.0,330.0,1710.2
228,26/04/2024,5107040.0,4118204.0,333.25,1710.2
229,03/05/2024,5107040.0,4118204.0,343.33,1710.2
230,17/05/2024,5107040.0,4118204.0,376.67,1710.2
231,07/06/2024,5107040.0,4118204.0,373.3,1710.2
232,14/06/2024,5107040.0,4118204.0,376.7,1710.2
233,21/06/2024,5107040.0,4118204.0,396.7,1710.2
234,07/01/2022,5107875.0,4118204.0,380.0,2364.51
235,21/01/2022,5107875.0,4118204.0,395.0,2364.51
236,28/01/2022,5107875.0,4118204.0,440.0,2364.51
237,11/02/2022,5107875.0,4118204.0,430.0,2364.51
238,25/02/2022,5107875.0,4118204.0,420.0,2364.51
239,11/03/2022,5107875.0,4118204.0,400.0,2364.51
240,25/03/2022,5107875.0,4118204.0,480.0,2364.51
241,01/04/2022,5107875.0,4118204.0,510.0,2364.51
242,15/04/2022,5107875.0,4118204.0,484.0,2364.51
243,22/04/2022,5107875.0,4118204.0,469.0,2364.51
244,29/04/2022,5107875.0,4118204.0,474.0,2364.51
245,27/05/2022,5107875.0,4118204.0,490.0,2364.51
246,10/06/2022,5107875.0,4118204.0,540.0,2364.51
247,08/07/2022,5107875.0,4118204.0,560.0,2364.51
248,05/08/2022,5107875.0,4118204.0,515.0,2364.51
249,26/08/2022,5107875.0,4118204.0,455.0,2364.51
250,09/09/2022,5107875.0,4118204.0,465.0,2364.51
251,23/09/2022,5107875.0,4118204.0,487.0,2364.51
252,30/09/2022,5107875.0,4118204.0,402.0,2364.51
253,14/10/2022,5107875.0,4118204.0,410.0,2364.51
254,21/10/2022,5107875.0,4118204.0,390.0,2364.51
255,16/12/2022,5107875.0,4118204.0,460.0,2364.51
256,03/02/2023,5107875.0,4118204.0,450.0,2364.51
257,10/02/2023,5107875.0,4118204.0,550.0,2364.51
258,24/02/2023,5107875.0,4118204.0,500.0,2364.51
259,10/03/2023,5107875.0,4118204.0,470.0,2364.51
260,23/06/2023,5107875.0,4118204.0,520.0,2364.51
261,07/07/2023,5107875.0,4118204.0,526.0,2364.51
262,21/07/2023,5107875.0,4118204.0,535.0,2364.51
263,04/08/2023,5107875.0,4118204.0,507.5,2364.51
264,11/08/2023,5107875.0,4118204.0,505.0,2364.51
265,25/08/2023,5107875.0,4118204.0,497.5,2364.51
266,15/09/2023,5107875.0,4118204.0,529.67,2364.51
267,22/09/2023,5107875.0,4118204.0,530.0,2364.51
268,29/09/2023,5107875.0,4118204.0,531.67,2364.51
269,06/10/2023,5107875.0,4118204.0,545.0,2364.51
270,13/10/2023,5107875.0,4118204.0,537.5,2364.51
271,27/10/2023,5107875.0,4118204.0,483.0,2364.51
272,17/11/2023,5107875.0,4118204.0,525.0,2364.51
273,24/11/2023,5107875.0,4118204.0,517.5,2364.51
274,19/01/2024,5107875.0,4118204.0,475.0,2364.51
275,26/01/2024,5107875.0,4118204.0,445.0,2364.51
276,16/02/2024,5107875.0,4118204.0,435.0,2364.51
277,01/03/2024,5107875.0,4118204.0,417.5,2364.51
278,15/03/2024,5107875.0,4118204.0,422.5,2364.51
279,22/03/2024,5107875.0,4118204.0,403.0,2364.51
280,19/04/2024,5107875.0,4118204.0,425.0,2364.51
281,26/04/2024,5107875.0,4118204.0,437.5,2364.51
282,03/05/2024,5107875.0,4118204.0,442.5,2364.51
283,05/07/2024,5107875.0,4118204.0,482.5,2364.51
284,07/01/2022,5105259.0,4118204.0,365.0,2127.16
285,21/01/2022,5105259.0,4118204.0,385.0,2127.16
286,28/01/2022,5105259.0,4118204.0,435.0,2127.16
287,04/02/2022,5105259.0,4118204.0,387.0,2127.16
288,11/02/2022,5105259.0,4118204.0,372.0,2127.16
289,18/02/2022,5105259.0,4118204.0,377.0,2127.16
290,25/02/2022,5105259.0,4118204.0,395.0,2127.16
291,11/03/2022,5105259.0,4118204.0,415.0,2127.16
292,18/03/2022,5105259.0,4118204.0,425.0,2127.16
293,25/03/2022,5105259.0,4118204.0,485.0,2127.16
294,01/04/2022,5105259.0,4118204.0,465.0,2127.16
295,15/04/2022,5105259.0,4118204.0,490.0,2127.16
296,22/04/2022,5105259.0,4118204.0,475.0,2127.16
297,20/05/2022,5105259.0,4118204.0,575.0,2127.16
298,27/05/2022,5105259.0,4118204.0,495.0,2127.16
299,10/06/2022,5105259.0,4118204.0,535.0,2127.16
300,17/06/2022,5105259.0,4118204.0,540.0,2127.16
301,01/07/2022,5105259.0,4118204.0,550.0,2127.16
302,22/07/2022,5105259.0,4118204.0,525.0,2127.16
303,29/07/2022,5105259.0,4118204.0,520.0,2127.16
304,05/08/2022,5105259.0,4118204.0,505.0,2127.16
305,19/08/2022,5105259.0,4118204.0,455.0,2127.16
306,26/08/2022,5105259.0,4118204.0,450.0,2127.16
307,02/09/2022,5105259.0,4118204.0,445.0,2127.16
308,14/10/2022,5105259.0,4118204.0,405.0,2127.16
309,21/10/2022,5105259.0,4118204.0,375.0,2127.16
310,09/12/2022,5105259.0,4118204.0,420.0,2127.16
311,27/01/2023,5105259.0,4118204.0,417.5,2127.16
312,03/02/2023,5105259.0,4118204.0,470.0,2127.16
313,10/02/2023,5105259.0,4118204.0,512.0,2127.16
314,17/02/2023,5105259.0,4118204.0,555.0,2127.16
315,10/03/2023,5105259.0,4118204.0,460.0,2127.16
316,06/04/2023,5105259.0,4118204.0,447.0,2127.16
317,28/04/2023,5105259.0,4118204.0,432.0,2127.16
318,12/05/2023,5105259.0,4118204.0,442.5,2127.16
319,07/07/2023,5105259.0,4118204.0,545.0,2127.16
320,21/07/2023,5105259.0,4118204.0,530.0,2127.16
321,28/07/2023,5105259.0,4118204.0,500.0,2127.16
322,01/09/2023,5105259.0,4118204.0,515.0,2127.16
323,08/09/2023,5105259.0,4118204.0,471.0,2127.16
324,22/09/2023,5105259.0,4118204.0,509.0,2127.16
325,06/10/2023,5105259.0,4118204.0,532.5,2127.16
326,27/10/2023,5105259.0,4118204.0,530.5,2127.16
327,01/12/2023,5105259.0,4118204.0,492.5,2127.16
328,08/03/2024,5105259.0,4118204.0,410.0,2127.16
329,22/03/2024,5105259.0,4118204.0,355.0,2127.16
330,17/05/2024,5105259.0,4118204.0,443.0,2127.16
331,31/05/2024,5105259.0,4118204.0,441.5,2127.16
332,07/01/2022,5107065.0,4118204.0,340.0,2018.58
333,21/01/2022,5107065.0,4118204.0,300.0,2018.58
334,28/01/2022,5107065.0,4118204.0,350.0,2018.58
335,04/02/2022,5107065.0,4118204.0,367.0,2018.58
336,11/02/2022,5107065.0,4118204.0,395.0,2018.58
337,18/02/2022,5107065.0,4118204.0,402.5,2018.58
338,04/03/2022,5107065.0,4118204.0,400.0,2018.58
339,11/03/2022,5107065.0,4118204.0,405.0,2018.58
340,18/03/2022,5107065.0,4118204.0,435.0,2018.58
341,25/03/2022,5107065.0,4118204.0,432.0,2018.58
342,01/04/2022,5107065.0,4118204.0,433.0,2018.58
343,08/04/2022,5107065.0,4118204.0,427.33,2018.58
344,15/04/2022,5107065.0,4118204.0,460.0,2018.58
345,22/04/2022,5107065.0,4118204.0,450.0,2018.58
346,29/04/2022,5107065.0,4118204.0,465.0,2018.58
347,13/05/2022,5107065.0,4118204.0,480.0,2018.58
348,20/05/2022,5107065.0,4118204.0,448.0,2018.58
349,27/05/2022,5107065.0,4118204.0,452.0,2018.58
350,10/06/2022,5107065.0,4118204.0,500.0,2018.58
351,24/06/2022,5107065.0,4118204.0,520.0,2018.58
352,01/07/2022,5107065.0,4118204.0,470.0,2018.58
353,08/07/2022,5107065.0,4118204.0,513.0,2018.58
354,15/07/2022,5107065.0,4118204.0,537.0,2018.58
355,22/07/2022,5107065.0,4118204.0,560.0,2018.58
356,29/07/2022,5107065.0,4118204.0,530.0,2018.58
357,05/08/2022,5107065.0,4118204.0,510.0,2018.58
358,09/09/2022,5107065.0,4118204.0,420.0,2018.58
359,23/09/2022,5107065.0,4118204.0,425.0,2018.58
360,04/11/2022,5107065.0,4118204.0,440.0,2018.58
361,20/01/2023,5107065.0,4118204.0,380.0,2018.58
362,12/05/2023,5107065.0,4118204.0,410.0,2018.58
363,19/05/2023,5107065.0,4118204.0,434.0,2018.58
364,02/06/2023,5107065.0,4118204.0,444.0,2018.58
365,30/06/2023,5107065.0,4118204.0,479.0,2018.58
366,21/07/2023,5107065.0,4118204.0,516.33,2018.58
367,28/07/2023,5107065.0,4118204.0,525.0,2018.58
368,04/08/2023,5107065.0,4118204.0,502.0,2018.58
369,25/08/2023,5107065.0,4118204.0,490.0,2018.58
370,08/09/2023,5107065.0,4118204.0,485.0,2018.58
371,15/09/2023,5107065.0,4118204.0,464.0,2018.58
372,22/09/2023,5107065.0,4118204.0,467.0,2018.58
373,06/10/2023,5107065.0,4118204.0,451.0,2018.58
374,20/10/2023,5107065.0,4118204.0,475.0,2018.58
375,10/11/2023,5107065.0,4118204.0,445.0,2018.58
376,24/11/2023,5107065.0,4118204.0,452.5,2018.58
377,08/12/2023,5107065.0,4118204.0,417.5,2018.58
378,22/12/2023,5107065.0,4118204.0,430.0,2018.58
379,28/12/2023,5107065.0,4118204.0,415.0,2018.58
380,12/01/2024,5107065.0,4118204.0,375.0,2018.58
381,19/01/2024,5107065.0,4118204.0,353.33,2018.58
382,26/01/2024,5107065.0,4118204.0,360.0,2018.58
383,02/02/2024,5107065.0,4118204.0,351.33,2018.58
384,09/02/2024,5107065.0,4118204.0,412.5,2018.58
385,16/02/2024,5107065.0,4118204.0,436.67,2018.58
386,01/03/2024,5107065.0,4118204.0,388.0,2018.58
387,08/03/2024,5107065.0,4118204.0,390.0,2018.58
388,22/03/2024,5107065.0,4118204.0,385.0,2018.58
389,05/04/2024,5107065.0,4118204.0,366.67,2018.58
390,12/04/2024,5107065.0,4118204.0,351.5,2018.58
391,19/04/2024,5107065.0,4118204.0,370.0,2018.58
392,26/04/2024,5107065.0,4118204.0,351.0,2018.58
393,10/05/2024,5107065.0,4118204.0,374.5,2018.58
394,17/05/2024,5107065.0,4118204.0,398.0,2018.58
395,14/06/2024,5107065.0,4118204.0,447.5,2018.58
396,07/01/2022,5107909.0,4118204.0,380.0,2271.74
397,21/01/2022,5107909.0,4118204.0,400.0,2271.74
398,11/02/2022,5107909.0,4118204.0,420.0,2271.74
399,18/02/2022,5107909.0,4118204.0,430.0,2271.74
400,25/02/2022,5107909.0,4118204.0,410.0,2271.74
401,18/03/2022,5107909.0,4118204.0,440.0,2271.74
402,25/03/2022,5107909.0,4118204.0,500.0,2271.74
403,15/04/2022,5107909.0,4118204.0,510.0,2271.74
404,22/04/2022,5107909.0,4118204.0,480.0,2271.74
405,29/04/2022,5107909.0,4118204.0,490.0,2271.74
406,13/05/2022,5107909.0,4118204.0,590.0,2271.74
407,10/06/2022,5107909.0,4118204.0,512.0,2271.74
408,17/06/2022,5107909.0,4118204.0,560.0,2271.74
409,01/07/2022,5107909.0,4118204.0,570.0,2271.74
410,08/07/2022,5107909.0,4118204.0,545.0,2271.74
411,15/07/2022,5107909.0,4118204.0,540.0,2271.74
412,05/08/2022,5107909.0,4118204.0,520.0,2271.74
413,19/08/2022,5107909.0,4118204.0,470.0,2271.74
414,26/08/2022,5107909.0,4118204.0,465.0,2271.74
415,02/09/2022,5107909.0,4118204.0,460.0,2271.74
416,30/09/2022,5107909.0,4118204.0,450.0,2271.74
417,21/10/2022,5107909.0,4118204.0,390.0,2271.74
418,03/02/2023,5107909.0,4118204.0,530.0,2271.74
419,10/03/2023,5107909.0,4118204.0,475.0,2271.74
420,21/07/2023,5107909.0,4118204.0,550.0,2271.74
421,23/02/2024,5107909.0,4118204.0,435.0,2271.74
422,08/03/2024,5107909.0,4118204.0,425.0,2271.74
423,22/03/2024,5107909.0,4118204.0,370.0,2271.74
424,28/03/2024,5107909.0,4118204.0,360.0,2271.74
425,07/01/2022,5100201.0,4118204.0,330.0,1798.96
426,21/01/2022,5100201.0,4118204.0,280.0,1798.96
427,28/01/2022,5100201.0,4118204.0,360.0,1798.96
428,04/02/2022,5100201.0,4118204.0,380.0,1798.96
429,11/02/2022,5100201.0,4118204.0,400.0,1798.96
430,18/02/2022,5100201.0,4118204.0,405.0,1798.96
431,25/02/2022,5100201.0,4118204.0,390.0,1798.96
432,18/03/2022,5100201.0,4118204.0,460.0,1798.96
433,25/03/2022,5100201.0,4118204.0,430.0,1798.96
434,08/04/2022,5100201.0,4118204.0,420.0,1798.96
435,22/04/2022,5100201.0,4118204.0,450.0,1798.96
436,29/04/2022,5100201.0,4118204.0,465.0,1798.96
437,27/05/2022,5100201.0,4118204.0,455.0,1798.96
438,10/06/2022,5100201.0,4118204.0,470.0,1798.96
439,24/06/2022,5100201.0,4118204.0,490.0,1798.96
440,01/07/2022,5100201.0,4118204.0,500.0,1798.96
441,08/07/2022,5100201.0,4118204.0,510.0,1798.96
442,22/07/2022,5100201.0,4118204.0,530.0,1798.96
443,05/08/2022,5100201.0,4118204.0,454.0,1798.96
444,12/08/2022,5100201.0,4118204.0,453.5,1798.96
445,19/08/2022,5100201.0,4118204.0,438.5,1798.96
446,26/08/2022,5100201.0,4118204.0,440.0,1798.96
447,02/09/2022,5100201.0,4118204.0,428.5,1798.96
448,09/09/2022,5100201.0,4118204.0,408.5,1798.96
449,23/09/2022,5100201.0,4118204.0,411.0,1798.96
450,04/11/2022,5100201.0,4118204.0,410.0,1798.96
451,11/11/2022,5100201.0,4118204.0,418.5,1798.96
452,09/12/2022,5100201.0,4118204.0,423.5,1798.96
453,17/02/2023,5100201.0,4118204.0,520.0,1798.96
454,10/03/2023,5100201.0,4118204.0,480.0,1798.96
455,26/05/2023,5100201.0,4118204.0,425.0,1798.96
456,06/10/2023,5100201.0,4118204.0,468.0,1798.96
457,08/12/2023,5100201.0,4118204.0,370.0,1798.96
458,05/01/2024,5100201.0,4118204.0,350.0,1798.96
459,19/01/2024,5100201.0,4118204.0,320.0,1798.96
460,09/02/2024,5100201.0,4118204.0,375.0,1798.96
461,23/02/2024,5100201.0,4118204.0,383.33,1798.96
462,01/03/2024,5100201.0,4118204.0,385.0,1798.96
463,22/03/2024,5100201.0,4118204.0,355.0,1798.96
464,05/04/2024,5100201.0,4118204.0,340.0,1798.96
465,03/05/2024,5100201.0,4118204.0,382.5,1798.96
466,31/05/2024,5100201.0,4118204.0,402.5,1798.96
467,28/06/2024,5100201.0,4118204.0,407.5,1798.96
468,05/07/2024,5100201.0,4118204.0,412.5,1798.96
469,12/07/2024,5100201.0,4118204.0,435.0,1798.96
470,21/01/2022,5102678.0,4118204.0,330.0,1715.44
471,28/01/2022,5102678.0,4118204.0,290.0,1715.44
472,01/04/2022,5102678.0,4118204.0,365.0,1715.44
473,15/04/2022,5102678.0,4118204.0,300.0,1715.44
474,22/04/2022,5102678.0,4118204.0,320.0,1715.44
475,13/05/2022,5102678.0,4118204.0,380.0,1715.44
476,20/05/2022,5102678.0,4118204.0,390.0,1715.44
477,24/06/2022,5102678.0,4118204.0,400.0,1715.44
478,01/07/2022,5102678.0,4118204.0,420.0,1715.44
479,15/07/2022,5102678.0,4118204.0,450.0,1715.44
480,12/08/2022,5102678.0,4118204.0,410.0,1715.44
481,26/08/2022,5102678.0,4118204.0,350.0,1715.44
482,02/09/2022,5102678.0,4118204.0,340.0,1715.44
483,18/11/2022,5102678.0,4118204.0,280.0,1715.44
484,03/02/2023,5102678.0,4118204.0,366.0,1715.44
485,12/05/2023,5102678.0,4118204.0,352.5,1715.44
486,19/05/2023,5102678.0,4118204.0,391.67,1715.44
487,26/05/2023,5102678.0,4118204.0,407.33,1715.44
488,09/06/2023,5102678.0,4118204.0,384.5,1715.44
489,16/06/2023,5102678.0,4118204.0,370.0,1715.44
490,30/06/2023,5102678.0,4118204.0,391.0,1715.44
491,07/07/2023,5102678.0,4118204.0,413.0,1715.44
492,14/07/2023,5102678.0,4118204.0,440.0,1715.44
493,04/08/2023,5102678.0,4118204.0,362.0,1715.44
494,25/08/2023,5102678.0,4118204.0,399.0,1715.44
495,08/09/2023,5102678.0,4118204.0,386.0,1715.44
496,15/09/2023,5102678.0,4118204.0,373.0,1715.44
497,26/01/2024,5102678.0,4118204.0,310.0,1715.44
498,23/02/2024,5102678.0,4118204.0,335.0,1715.44
499,08/03/2024,5102678.0,4118204.0,325.0,1715.44
500,17/05/2024,5102678.0,4118204.0,355.0,1715.44
501,07/01/2022,5103353.0,4118204.0,375.0,2222.27
502,21/01/2022,5103353.0,4118204.0,305.0,2222.27
503,28/01/2022,5103353.0,4118204.0,395.0,2222.27
504,04/02/2022,5103353.0,4118204.0,417.0,2222.27
505,18/02/2022,5103353.0,4118204.0,430.0,2222.27
506,25/02/2022,5103353.0,4118204.0,418.0,2222.27
507,04/03/2022,5103353.0,4118204.0,445.0,2222.27
508,11/03/2022,5103353.0,4118204.0,392.5,2222.27
509,18/03/2022,5103353.0,4118204.0,530.0,2222.27
510,25/03/2022,5103353.0,4118204.0,483.0,2222.27
511,01/04/2022,5103353.0,4118204.0,495.0,2222.27
512,08/04/2022,5103353.0,4118204.0,477.5,2222.27
513,15/04/2022,5103353.0,4118204.0,467.0,2222.27
514,22/04/2022,5103353.0,4118204.0,480.0,2222.27
515,29/04/2022,5103353.0,4118204.0,540.0,2222.27
516,13/05/2022,5103353.0,4118204.0,510.0,2222.27
517,03/06/2022,5103353.0,4118204.0,485.0,2222.27
518,10/06/2022,5103353.0,4118204.0,560.0,2222.27
519,24/06/2022,5103353.0,4118204.0,580.0,2222.27
520,01/07/2022,5103353.0,4118204.0,590.0,2222.27
521,08/07/2022,5103353.0,4118204.0,600.0,2222.27
522,22/07/2022,5103353.0,4118204.0,620.0,2222.27
523,05/08/2022,5103353.0,4118204.0,550.0,2222.27
524,12/08/2022,5103353.0,4118204.0,570.0,2222.27
525,02/09/2022,5103353.0,4118204.0,500.0,2222.27
526,09/09/2022,5103353.0,4118204.0,470.0,2222.27
527,23/09/2022,5103353.0,4118204.0,475.0,2222.27
528,04/11/2022,5103353.0,4118204.0,490.0,2222.27
529,16/12/2022,5103353.0,4118204.0,520.0,2222.27
530,17/02/2023,5103353.0,4118204.0,610.0,2222.27
531,19/05/2023,5103353.0,4118204.0,502.0,2222.27
532,26/05/2023,5103353.0,4118204.0,492.0,2222.27
533,16/06/2023,5103353.0,4118204.0,507.0,2222.27
534,30/06/2023,5103353.0,4118204.0,546.0,2222.27
535,14/07/2023,5103353.0,4118204.0,565.0,2222.27
536,08/12/2023,5103353.0,4118204.0,460.0,2222.27
537,15/12/2023,5103353.0,4118204.0,450.0,2222.27
538,12/01/2024,5103353.0,4118204.0,410.0,2222.27
539,19/01/2024,5103353.0,4118204.0,400.0,2222.27
540,09/02/2024,5103353.0,4118204.0,455.0,2222.27
541,08/03/2024,5103353.0,4118204.0,440.0,2222.27
542,15/03/2024,5103353.0,4118204.0,393.0,2222.27
543,22/03/2024,5103353.0,4118204.0,388.0,2222.27
544,28/03/2024,5103353.0,4118204.0,425.0,2222.27
545,19/04/2024,5103353.0,4118204.0,405.0,2222.27
546,17/05/2024,5103353.0,4118204.0,437.5,2222.27
547,07/01/2022,5106224.0,4118204.0,355.0,2031.94
548,21/01/2022,5106224.0,4118204.0,377.5,2031.94
549,28/01/2022,5106224.0,4118204.0,425.0,2031.94
550,11/02/2022,5106224.0,4118204.0,395.0,2031.94
551,18/02/2022,5106224.0,4118204.0,405.0,2031.94
552,25/02/2022,5106224.0,4118204.0,385.0,2031.94
553,11/03/2022,5106224.0,4118204.0,367.5,2031.94
554,25/03/2022,5106224.0,4118204.0,475.0,2031.94
555,15/04/2022,5106224.0,4118204.0,480.0,2031.94
556,22/04/2022,5106224.0,4118204.0,465.0,2031.94
557,13/05/2022,5106224.0,4118204.0,472.5,2031.94
558,20/05/2022,5106224.0,4118204.0,477.5,2031.94
559,27/05/2022,5106224.0,4118204.0,487.5,2031.94
560,10/06/2022,5106224.0,4118204.0,502.0,2031.94
561,17/06/2022,5106224.0,4118204.0,530.0,2031.94
562,24/06/2022,5106224.0,4118204.0,515.0,2031.94
563,08/07/2022,5106224.0,4118204.0,540.0,2031.94
564,15/07/2022,5106224.0,4118204.0,550.0,2031.94
565,22/07/2022,5106224.0,4118204.0,545.0,2031.94
566,29/07/2022,5106224.0,4118204.0,510.0,2031.94
567,05/08/2022,5106224.0,4118204.0,500.0,2031.94
568,19/08/2022,5106224.0,4118204.0,445.0,2031.94
569,26/08/2022,5106224.0,4118204.0,430.0,2031.94
570,16/09/2022,5106224.0,4118204.0,392.5,2031.94
571,30/09/2022,5106224.0,4118204.0,412.5,2031.94
572,07/10/2022,5106224.0,4118204.0,402.5,2031.94
573,14/10/2022,5106224.0,4118204.0,390.0,2031.94
574,18/11/2022,5106224.0,4118204.0,354.0,2031.94
575,02/12/2022,5106224.0,4118204.0,400.0,2031.94
576,09/12/2022,5106224.0,4118204.0,447.5,2031.94
577,23/12/2022,5106224.0,4118204.0,455.0,2031.94
578,20/01/2023,5106224.0,4118204.0,410.0,2031.94
579,27/01/2023,5106224.0,4118204.0,404.5,2031.94
580,03/02/2023,5106224.0,4118204.0,451.0,2031.94
581,10/02/2023,5106224.0,4118204.0,507.0,2031.94
582,24/02/2023,5106224.0,4118204.0,490.0,2031.94
583,03/03/2023,5106224.0,4118204.0,460.0,2031.94
584,10/03/2023,5106224.0,4118204.0,450.0,2031.94
585,24/03/2023,5106224.0,4118204.0,415.0,2031.94
586,14/07/2023,5106224.0,4118204.0,523.75,2031.94
587,21/07/2023,5106224.0,4118204.0,515.84,2031.94
588,04/08/2023,5106224.0,4118204.0,495.0,2031.94
589,11/08/2023,5106224.0,4118204.0,485.0,2031.94
590,15/09/2023,5106224.0,4118204.0,506.67,2031.94
591,22/09/2023,5106224.0,4118204.0,509.25,2031.94
592,29/09/2023,5106224.0,4118204.0,516.5,2031.94
593,27/10/2023,5106224.0,4118204.0,499.0,2031.94
594,17/11/2023,5106224.0,4118204.0,487.0,2031.94
595,24/11/2023,5106224.0,4118204.0,497.5,2031.94
596,22/12/2023,5106224.0,4118204.0,440.0,2031.94
597,28/12/2023,5106224.0,4118204.0,470.0,2031.94
598,09/02/2024,5106224.0,4118204.0,420.0,2031.94
599,15/03/2024,5106224.0,4118204.0,382.5,2031.94
600,22/03/2024,5106224.0,4118204.0,373.0,2031.94
601,05/04/2024,5106224.0,4118204.0,387.5,2031.94
602,12/04/2024,5106224.0,4118204.0,375.0,2031.94
603,26/04/2024,5106224.0,4118204.0,407.5,2031.94
604,17/05/2024,5106224.0,4118204.0,452.5,2031.94
605,24/05/2024,5106224.0,4118204.0,457.5,2031.94
606,21/06/2024,5106224.0,4118204.0,467.5,2031.94
607,28/06/2024,5106224.0,4118204.0,462.5,2031.94
608,07/01/2022,5107602.0,3548500.0,270.0,1568.51
609,21/01/2022,5107602.0,3548500.0,320.0,1568.51
610,11/02/2022,5107602.0,3548500.0,310.0,1568.51
611,18/02/2022,5107602.0,3548500.0,300.0,1568.51
612,25/02/2022,5107602.0,3548500.0,325.0,1568.51
613,18/03/2022,5107602.0,3548500.0,350.0,1568.51
614,25/03/2022,5107602.0,3548500.0,370.0,1568.51
615,01/04/2022,5107602.0,3548500.0,380.0,1568.51
616,22/04/2022,5107602.0,3548500.0,340.0,1568.51
617,03/06/2022,5107602.0,3548500.0,365.0,1568.51
618,17/06/2022,5107602.0,3548500.0,400.0,1568.51
619,24/06/2022,5107602.0,3548500.0,405.0,1568.51
620,08/07/2022,5107602.0,3548500.0,410.0,1568.51
621,22/07/2022,5107602.0,3548500.0,420.0,1568.51
622,26/08/2022,5107602.0,3548500.0,330.0,1568.51
623,21/10/2022,5107602.0,3548500.0,290.0,1568.51
624,09/12/2022,5107602.0,3548500.0,360.0,1568.51
625,24/02/2023,5107602.0,3548500.0,384.5,1568.51
626,26/05/2023,5107602.0,3548500.0,390.0,1568.51
627,07/07/2023,5107602.0,3548500.0,398.0,1568.51
628,14/07/2023,5107602.0,3548500.0,425.0,1568.51
629,21/07/2023,5107602.0,3548500.0,422.5,1568.51
630,15/09/2023,5107602.0,3548500.0,415.0,1568.51
631,13/10/2023,5107602.0,3548500.0,435.0,1568.51
632,27/10/2023,5107602.0,3548500.0,373.0,1568.51
633,10/11/2023,5107602.0,3548500.0,395.0,1568.51
634,17/11/2023,5107602.0,3548500.0,423.33,1568.51
635,15/12/2023,5107602.0,3548500.0,430.0,1568.51
636,23/02/2024,5107602.0,3548500.0,335.0,1568.51
637,15/03/2024,5107602.0,3548500.0,315.0,1568.51
638,22/03/2024,5107602.0,3548500.0,305.0,1568.51
639,19/04/2024,5107602.0,3548500.0,345.0,1568.51
640,07/01/2022,5107925.0,3548500.0,390.0,2179.38
641,21/01/2022,5107925.0,3548500.0,410.0,2179.38
642,28/01/2022,5107925.0,3548500.0,460.0,2179.38
643,11/02/2022,5107925.0,3548500.0,430.0,2179.38
644,18/02/2022,5107925.0,3548500.0,440.0,2179.38
645,25/03/2022,5107925.0,3548500.0,510.0,2179.38
646,22/04/2022,5107925.0,3548500.0,480.0,2179.38
647,29/04/2022,5107925.0,3548500.0,490.0,2179.38
648,20/05/2022,5107925.0,3548500.0,470.0,2179.38
649,10/06/2022,5107925.0,3548500.0,550.0,2179.38
650,17/06/2022,5107925.0,3548500.0,570.0,2179.38
651,24/06/2022,5107925.0,3548500.0,565.0,2179.38
652,15/07/2022,5107925.0,3548500.0,555.0,2179.38
653,29/07/2022,5107925.0,3548500.0,540.0,2179.38
654,05/08/2022,5107925.0,3548500.0,520.0,2179.38
655,12/08/2022,5107925.0,3548500.0,500.0,2179.38
656,26/08/2022,5107925.0,3548500.0,465.0,2179.38
657,21/10/2022,5107925.0,3548500.0,400.0,2179.38
658,17/02/2023,5107925.0,3548500.0,560.0,2179.38
659,10/03/2023,5107925.0,3548500.0,475.0,2179.38
660,24/03/2023,5107925.0,3548500.0,448.0,2179.38
661,16/06/2023,5107925.0,3548500.0,530.0,2179.38
662,07/07/2023,5107925.0,3548500.0,538.0,2179.38
663,14/07/2023,5107925.0,3548500.0,535.0,2179.38
664,21/07/2023,5107925.0,3548500.0,548.34,2179.38
665,25/08/2023,5107925.0,3548500.0,493.0,2179.38
666,01/09/2023,5107925.0,3548500.0,525.0,2179.38
667,08/09/2023,5107925.0,3548500.0,498.0,2179.38
668,15/09/2023,5107925.0,3548500.0,536.67,2179.38
669,06/10/2023,5107925.0,3548500.0,536.0,2179.38
670,13/10/2023,5107925.0,3548500.0,522.0,2179.38
671,27/10/2023,5107925.0,3548500.0,508.0,2179.38
672,03/11/2023,5107925.0,3548500.0,545.0,2179.38
673,10/11/2023,5107925.0,3548500.0,553.33,2179.38
674,24/11/2023,5107925.0,3548500.0,546.0,2179.38
675,01/12/2023,5107925.0,3548500.0,538.33,2179.38
676,08/12/2023,5107925.0,3548500.0,546.67,2179.38
677,16/02/2024,5107925.0,3548500.0,450.0,2179.38
678,23/02/2024,5107925.0,3548500.0,457.5,2179.38
679,08/03/2024,5107925.0,3548500.0,435.0,2179.38
680,22/03/2024,5107925.0,3548500.0,420.0,2179.38
681,28/03/2024,5107925.0,3548500.0,425.0,2179.38
682,05/04/2024,5107925.0,3548500.0,433.33,2179.38
683,12/04/2024,5107925.0,3548500.0,415.0,2179.38
684,26/04/2024,5107925.0,3548500.0,455.0,2179.38
685,17/05/2024,5107925.0,3548500.0,485.0,2179.38
686,31/05/2024,5107925.0,3548500.0,505.0,2179.38
687,07/06/2024,5107925.0,3548500.0,476.7,2179.38
688,14/06/2024,5107925.0,3548500.0,493.3,2179.38
689,21/06/2024,5107925.0,3548500.0,473.3,2179.38
690,07/01/2022,5102637.0,3548500.0,390.0,2184.15
691,21/01/2022,5102637.0,3548500.0,405.0,2184.15
692,28/01/2022,5102637.0,3548500.0,450.0,2184.15
693,11/02/2022,5102637.0,3548500.0,440.0,2184.15
694,25/02/2022,5102637.0,3548500.0,420.0,2184.15
695,25/03/2022,5102637.0,3548500.0,480.0,2184.15
696,01/04/2022,5102637.0,3548500.0,520.0,2184.15
697,29/04/2022,5102637.0,3548500.0,490.0,2184.15
698,10/06/2022,5102637.0,3548500.0,540.0,2184.15
699,17/06/2022,5102637.0,3548500.0,550.0,2184.15
700,24/06/2022,5102637.0,3548500.0,515.0,2184.15
701,01/07/2022,5102637.0,3548500.0,560.0,2184.15
702,05/08/2022,5102637.0,3548500.0,510.0,2184.15
703,12/08/2022,5102637.0,3548500.0,500.0,2184.15
704,26/08/2022,5102637.0,3548500.0,445.0,2184.15
705,09/09/2022,5102637.0,3548500.0,410.0,2184.15
706,21/10/2022,5102637.0,3548500.0,400.0,2184.15
707,09/12/2022,5102637.0,3548500.0,460.0,2184.15
708,16/12/2022,5102637.0,3548500.0,470.0,2184.15
709,30/06/2023,5102637.0,3548500.0,530.0,2184.15
710,07/07/2023,5102637.0,3548500.0,570.0,2184.15
711,14/07/2023,5102637.0,3548500.0,580.0,2184.15
712,22/09/2023,5102637.0,3548500.0,522.0,2184.15
713,03/11/2023,5102637.0,3548500.0,552.5,2184.15
714,24/11/2023,5102637.0,3548500.0,575.0,2184.15
715,23/02/2024,5102637.0,3548500.0,455.0,2184.15
716,15/03/2024,5102637.0,3548500.0,430.0,2184.15
717,28/03/2024,5102637.0,3548500.0,395.0,2184.15
718,05/04/2024,5102637.0,3548500.0,425.0,2184.15
719,12/04/2024,5102637.0,3548500.0,415.0,2184.15
720,17/05/2024,5102637.0,3548500.0,485.0,2184.15
721,24/05/2024,5102637.0,3548500.0,475.0,2184.15
722,21/06/2024,5102637.0,3548500.0,495.0,2184.15
723,07/01/2022,5107040.0,3548500.0,290.0,1699.79
724,04/02/2022,5107040.0,3548500.0,340.0,1699.79
725,11/02/2022,5107040.0,3548500.0,330.0,1699.79
726,18/03/2022,5107040.0,3548500.0,365.0,1699.79
727,25/03/2022,5107040.0,3548500.0,390.0,1699.79
728,01/04/2022,5107040.0,3548500.0,430.0,1699.79
729,22/04/2022,5107040.0,3548500.0,380.0,1699.79
730,03/06/2022,5107040.0,3548500.0,400.0,1699.79
731,17/06/2022,5107040.0,3548500.0,440.0,1699.79
732,24/06/2022,5107040.0,3548500.0,445.0,1699.79
733,01/07/2022,5107040.0,3548500.0,476.0,1699.79
734,08/07/2022,5107040.0,3548500.0,450.0,1699.79
735,15/07/2022,5107040.0,3548500.0,470.0,1699.79
736,22/07/2022,5107040.0,3548500.0,446.67,1699.79
737,12/08/2022,5107040.0,3548500.0,410.0,1699.79
738,26/08/2022,5107040.0,3548500.0,350.0,1699.79
739,07/10/2022,5107040.0,3548500.0,360.0,1699.79
740,21/10/2022,5107040.0,3548500.0,315.0,1699.79
741,13/01/2023,5107040.0,3548500.0,402.5,1699.79
742,03/02/2023,5107040.0,3548500.0,420.0,1699.79
743,24/03/2023,5107040.0,3548500.0,370.0,1699.79
744,31/03/2023,5107040.0,3548500.0,395.0,1699.79
745,14/04/2023,5107040.0,3548500.0,425.0,1699.79
746,21/04/2023,5107040.0,3548500.0,385.0,1699.79
747,28/04/2023,5107040.0,3548500.0,373.33,1699.79
748,12/05/2023,5107040.0,3548500.0,389.75,1699.79
749,26/05/2023,5107040.0,3548500.0,421.67,1699.79
750,30/06/2023,5107040.0,3548500.0,415.0,1699.79
751,14/07/2023,5107040.0,3548500.0,462.5,1699.79
752,21/07/2023,5107040.0,3548500.0,498.0,1699.79
753,04/08/2023,5107040.0,3548500.0,416.67,1699.79
754,25/08/2023,5107040.0,3548500.0,432.5,1699.79
755,01/09/2023,5107040.0,3548500.0,435.0,1699.79
756,22/09/2023,5107040.0,3548500.0,444.0,1699.79
757,29/09/2023,5107040.0,3548500.0,442.0,1699.79
758,06/10/2023,5107040.0,3548500.0,465.0,1699.79
759,13/10/2023,5107040.0,3548500.0,487.33,1699.79
760,20/10/2023,5107040.0,3548500.0,455.0,1699.79
761,03/11/2023,5107040.0,3548500.0,458.33,1699.79
762,10/11/2023,5107040.0,3548500.0,457.67,1699.79
763,17/11/2023,5107040.0,3548500.0,461.0,1699.79
764,24/11/2023,5107040.0,3548500.0,452.0,1699.79
765,26/01/2024,5107040.0,3548500.0,353.0,1699.79
766,16/02/2024,5107040.0,3548500.0,375.0,1699.79
767,08/03/2024,5107040.0,3548500.0,362.5,1699.79
768,15/03/2024,5107040.0,3548500.0,345.0,1699.79
769,05/04/2024,5107040.0,3548500.0,332.5,1699.79
770,05/07/2024,5107040.0,3548500.0,412.5,1699.79
771,07/01/2022,5107875.0,3548500.0,400.0,2354.1
772,21/01/2022,5107875.0,3548500.0,415.0,2354.1
773,28/01/2022,5107875.0,3548500.0,460.0,2354.1
774,11/02/2022,5107875.0,3548500.0,452.0,2354.1
775,18/02/2022,5107875.0,3548500.0,450.0,2354.1
776,25/02/2022,5107875.0,3548500.0,430.0,2354.1
777,25/03/2022,5107875.0,3548500.0,500.0,2354.1
778,01/04/2022,5107875.0,3548500.0,530.0,2354.1
779,22/04/2022,5107875.0,3548500.0,490.0,2354.1
780,10/06/2022,5107875.0,3548500.0,550.0,2354.1
781,17/06/2022,5107875.0,3548500.0,560.0,2354.1
782,24/06/2022,5107875.0,3548500.0,525.0,2354.1
783,01/07/2022,5107875.0,3548500.0,570.0,2354.1
784,05/08/2022,5107875.0,3548500.0,520.0,2354.1
785,12/08/2022,5107875.0,3548500.0,510.0,2354.1
786,19/08/2022,5107875.0,3548500.0,470.0,2354.1
787,26/08/2022,5107875.0,3548500.0,465.0,2354.1
788,09/09/2022,5107875.0,3548500.0,420.0,2354.1
789,30/09/2022,5107875.0,3548500.0,442.0,2354.1
790,07/10/2022,5107875.0,3548500.0,432.0,2354.1
791,21/10/2022,5107875.0,3548500.0,410.0,2354.1
792,16/12/2022,5107875.0,3548500.0,480.0,2354.1
793,30/06/2023,5107875.0,3548500.0,540.0,2354.1
794,07/07/2023,5107875.0,3548500.0,537.0,2354.1
795,14/07/2023,5107875.0,3548500.0,558.0,2354.1
796,21/07/2023,5107875.0,3548500.0,545.84,2354.1
797,04/08/2023,5107875.0,3548500.0,512.5,2354.1
798,11/08/2023,5107875.0,3548500.0,515.0,2354.1
799,25/08/2023,5107875.0,3548500.0,517.5,2354.1
800,01/09/2023,5107875.0,3548500.0,535.0,2354.1
801,22/09/2023,5107875.0,3548500.0,557.5,2354.1
802,29/09/2023,5107875.0,3548500.0,555.0,2354.1
803,06/10/2023,5107875.0,3548500.0,565.0,2354.1
804,13/10/2023,5107875.0,3548500.0,572.5,2354.1
805,27/10/2023,5107875.0,3548500.0,547.5,2354.1
806,16/02/2024,5107875.0,3548500.0,455.0,2354.1
807,01/03/2024,5107875.0,3548500.0,453.0,2354.1
808,08/03/2024,5107875.0,3548500.0,442.5,2354.1
809,15/03/2024,5107875.0,3548500.0,437.5,2354.1
810,22/03/2024,5107875.0,3548500.0,423.0,2354.1
811,28/03/2024,5107875.0,3548500.0,425.0,2354.1
812,05/04/2024,5107875.0,3548500.0,440.0,2354.1
813,26/04/2024,5107875.0,3548500.0,452.5,2354.1
814,17/05/2024,5107875.0,3548500.0,475.0,2354.1
815,31/05/2024,5107875.0,3548500.0,485.0,2354.1
816,21/06/2024,5107875.0,3548500.0,495.0,2354.1
817,05/07/2024,5107875.0,3548500.0,487.5,2354.1
818,07/01/2022,5105259.0,3548500.0,385.0,2116.76
819,21/01/2022,5105259.0,3548500.0,405.0,2116.76
820,28/01/2022,5105259.0,3548500.0,455.0,2116.76
821,11/02/2022,5105259.0,3548500.0,425.0,2116.76
822,18/02/2022,5105259.0,3548500.0,435.0,2116.76
823,25/03/2022,5105259.0,3548500.0,505.0,2116.76
824,15/04/2022,5105259.0,3548500.0,500.0,2116.76
825,22/04/2022,5105259.0,3548500.0,485.0,2116.76
826,10/06/2022,5105259.0,3548500.0,545.0,2116.76
827,17/06/2022,5105259.0,3548500.0,560.0,2116.76
828,24/06/2022,5105259.0,3548500.0,555.0,2116.76
829,15/07/2022,5105259.0,3548500.0,550.0,2116.76
830,22/07/2022,5105259.0,3548500.0,540.0,2116.76
831,29/07/2022,5105259.0,3548500.0,530.0,2116.76
832,05/08/2022,5105259.0,3548500.0,515.0,2116.76
833,12/08/2022,5105259.0,3548500.0,495.0,2116.76
834,19/08/2022,5105259.0,3548500.0,465.0,2116.76
835,26/08/2022,5105259.0,3548500.0,460.0,2116.76
836,30/09/2022,5105259.0,3548500.0,475.0,2116.76
837,21/10/2022,5105259.0,3548500.0,395.0,2116.76
838,09/12/2022,5105259.0,3548500.0,457.0,2116.76
839,03/02/2023,5105259.0,3548500.0,535.0,2116.76
840,10/03/2023,5105259.0,3548500.0,470.0,2116.76
841,24/03/2023,5105259.0,3548500.0,445.0,2116.76
842,30/06/2023,5105259.0,3548500.0,520.0,2116.76
843,07/07/2023,5105259.0,3548500.0,565.0,2116.76
844,14/07/2023,5105259.0,3548500.0,575.0,2116.76
845,25/08/2023,5105259.0,3548500.0,525.0,2116.76
846,22/09/2023,5105259.0,3548500.0,527.0,2116.76
847,29/09/2023,5105259.0,3548500.0,529.0,2116.76
848,10/11/2023,5105259.0,3548500.0,528.0,2116.76
849,17/11/2023,5105259.0,3548500.0,547.5,2116.76
850,23/02/2024,5105259.0,3548500.0,450.0,2116.76
851,12/04/2024,5105259.0,3548500.0,415.0,2116.76
852,07/01/2022,5107065.0,3548500.0,340.0,1810.62
853,21/01/2022,5107065.0,3548500.0,300.0,1810.62
854,28/01/2022,5107065.0,3548500.0,380.0,1810.62
855,04/02/2022,5107065.0,3548500.0,400.0,1810.62
856,11/02/2022,5107065.0,3548500.0,435.0,1810.62
857,18/02/2022,5107065.0,3548500.0,430.0,1810.62
858,11/03/2022,5107065.0,3548500.0,450.0,1810.62
859,18/03/2022,5107065.0,3548500.0,510.0,1810.62
860,25/03/2022,5107065.0,3548500.0,500.0,1810.62
861,08/04/2022,5107065.0,3548500.0,475.0,1810.62
862,22/04/2022,5107065.0,3548500.0,490.0,1810.62
863,13/05/2022,5107065.0,3548500.0,480.0,1810.62
864,24/06/2022,5107065.0,3548500.0,520.0,1810.62
865,01/07/2022,5107065.0,3548500.0,530.0,1810.62
866,08/07/2022,5107065.0,3548500.0,540.0,1810.62
867,22/07/2022,5107065.0,3548500.0,560.0,1810.62
868,26/08/2022,5107065.0,3548500.0,460.0,1810.62
869,09/09/2022,5107065.0,3548500.0,420.0,1810.62
870,23/09/2022,5107065.0,3548500.0,445.0,1810.62
871,04/11/2022,5107065.0,3548500.0,440.0,1810.62
872,25/11/2022,5107065.0,3548500.0,395.0,1810.62
873,09/12/2022,5107065.0,3548500.0,447.0,1810.62
874,16/12/2022,5107065.0,3548500.0,470.0,1810.62
875,03/02/2023,5107065.0,3548500.0,434.0,1810.62
876,10/02/2023,5107065.0,3548500.0,473.0,1810.62
877,24/02/2023,5107065.0,3548500.0,531.5,1810.62
878,05/05/2023,5107065.0,3548500.0,446.5,1810.62
879,12/05/2023,5107065.0,3548500.0,454.0,1810.62
880,19/05/2023,5107065.0,3548500.0,482.5,1810.62
881,26/05/2023,5107065.0,3548500.0,485.0,1810.62
882,16/06/2023,5107065.0,3548500.0,511.0,1810.62
883,30/06/2023,5107065.0,3548500.0,498.0,1810.62
884,07/07/2023,5107065.0,3548500.0,526.25,1810.62
885,14/07/2023,5107065.0,3548500.0,535.0,1810.62
886,21/07/2023,5107065.0,3548500.0,521.67,1810.62
887,04/08/2023,5107065.0,3548500.0,518.0,1810.62
888,25/08/2023,5107065.0,3548500.0,495.0,1810.62
889,15/09/2023,5107065.0,3548500.0,505.0,1810.62
890,22/09/2023,5107065.0,3548500.0,515.0,1810.62
891,10/11/2023,5107065.0,3548500.0,452.33,1810.62
892,17/11/2023,5107065.0,3548500.0,457.5,1810.62
893,24/11/2023,5107065.0,3548500.0,453.67,1810.62
894,08/12/2023,5107065.0,3548500.0,442.5,1810.62
895,12/01/2024,5107065.0,3548500.0,382.5,1810.62
896,19/01/2024,5107065.0,3548500.0,370.0,1810.62
897,02/02/2024,5107065.0,3548500.0,365.0,1810.62
898,08/03/2024,5107065.0,3548500.0,423.33,1810.62
899,22/03/2024,5107065.0,3548500.0,405.0,1810.62
900,28/03/2024,5107065.0,3548500.0,415.0,1810.62
901,05/04/2024,5107065.0,3548500.0,412.5,1810.62
902,19/04/2024,5107065.0,3548500.0,410.0,1810.62
903,03/05/2024,5107065.0,3548500.0,422.5,1810.62
904,17/05/2024,5107065.0,3548500.0,437.5,1810.62
905,28/06/2024,5107065.0,3548500.0,452.5,1810.62
906,05/07/2024,5107065.0,3548500.0,455.0,1810.62
907,07/01/2022,5107909.0,3548500.0,400.0,2261.33
908,21/01/2022,5107909.0,3548500.0,420.0,2261.33
909,11/02/2022,5107909.0,3548500.0,440.0,2261.33
910,18/02/2022,5107909.0,3548500.0,450.0,2261.33
911,18/03/2022,5107909.0,3548500.0,470.0,2261.33
912,25/03/2022,5107909.0,3548500.0,520.0,2261.33
913,22/04/2022,5107909.0,3548500.0,490.0,2261.33
914,29/04/2022,5107909.0,3548500.0,500.0,2261.33
915,10/06/2022,5107909.0,3548500.0,560.0,2261.33
916,17/06/2022,5107909.0,3548500.0,580.0,2261.33
917,24/06/2022,5107909.0,3548500.0,575.0,2261.33
918,15/07/2022,5107909.0,3548500.0,570.0,2261.33
919,29/07/2022,5107909.0,3548500.0,550.0,2261.33
920,05/08/2022,5107909.0,3548500.0,530.0,2261.33
921,12/08/2022,5107909.0,3548500.0,510.0,2261.33
922,19/08/2022,5107909.0,3548500.0,480.0,2261.33
923,26/08/2022,5107909.0,3548500.0,475.0,2261.33
924,21/10/2022,5107909.0,3548500.0,410.0,2261.33
925,10/03/2023,5107909.0,3548500.0,485.0,2261.33
926,24/03/2023,5107909.0,3548500.0,460.0,2261.33
927,16/06/2023,5107909.0,3548500.0,540.0,2261.33
928,14/07/2023,5107909.0,3548500.0,590.0,2261.33
929,08/12/2023,5107909.0,3548500.0,546.0,2261.33
930,23/02/2024,5107909.0,3548500.0,465.0,2261.33
931,12/04/2024,5107909.0,3548500.0,430.0,2261.33
932,07/01/2022,5100201.0,3548500.0,330.0,1591.0
933,21/01/2022,5100201.0,3548500.0,280.0,1591.0
934,28/01/2022,5100201.0,3548500.0,360.0,1591.0
935,04/02/2022,5100201.0,3548500.0,380.0,1591.0
936,11/02/2022,5100201.0,3548500.0,400.0,1591.0
937,18/02/2022,5100201.0,3548500.0,405.0,1591.0
938,25/02/2022,5100201.0,3548500.0,375.0,1591.0
939,11/03/2022,5100201.0,3548500.0,430.0,1591.0
940,18/03/2022,5100201.0,3548500.0,490.0,1591.0
941,25/03/2022,5100201.0,3548500.0,470.0,1591.0
942,08/04/2022,5100201.0,3548500.0,450.0,1591.0
943,15/04/2022,5100201.0,3548500.0,445.0,1591.0
944,29/04/2022,5100201.0,3548500.0,465.0,1591.0
945,27/05/2022,5100201.0,3548500.0,460.0,1591.0
946,01/07/2022,5100201.0,3548500.0,500.0,1591.0
947,08/07/2022,5100201.0,3548500.0,510.0,1591.0
948,22/07/2022,5100201.0,3548500.0,530.0,1591.0
949,05/08/2022,5100201.0,3548500.0,480.0,1591.0
950,26/08/2022,5100201.0,3548500.0,440.0,1591.0
951,09/09/2022,5100201.0,3548500.0,390.0,1591.0
952,23/09/2022,5100201.0,3548500.0,415.0,1591.0
953,28/10/2022,5100201.0,3548500.0,420.0,1591.0
954,04/11/2022,5100201.0,3548500.0,410.0,1591.0
955,17/02/2023,5100201.0,3548500.0,520.0,1591.0
956,05/05/2023,5100201.0,3548500.0,455.0,1591.0
957,22/09/2023,5100201.0,3548500.0,476.5,1591.0
958,29/09/2023,5100201.0,3548500.0,471.5,1591.0
959,05/01/2024,5100201.0,3548500.0,350.0,1591.0
960,19/01/2024,5100201.0,3548500.0,320.0,1591.0
961,02/02/2024,5100201.0,3548500.0,335.0,1591.0
962,09/02/2024,5100201.0,3548500.0,345.0,1591.0
963,08/03/2024,5100201.0,3548500.0,395.0,1591.0
964,28/03/2024,5100201.0,3548500.0,385.0,1591.0
965,03/05/2024,5100201.0,3548500.0,397.5,1591.0
966,14/06/2024,5100201.0,3548500.0,425.0,1591.0
967,28/06/2024,5100201.0,3548500.0,402.5,1591.0
968,05/07/2024,5100201.0,3548500.0,407.5,1591.0
969,12/07/2024,5100201.0,3548500.0,435.0,1591.0
970,21/01/2022,5102678.0,3548500.0,360.0,1705.03
971,20/05/2022,5102678.0,3548500.0,370.0,1705.03
972,24/06/2022,5102678.0,3548500.0,390.0,1705.03
973,01/07/2022,5102678.0,3548500.0,410.0,1705.03
974,15/07/2022,5102678.0,3548500.0,460.0,1705.03
975,05/08/2022,5102678.0,3548500.0,435.0,1705.03
976,16/09/2022,5102678.0,3548500.0,350.0,1705.03
977,30/09/2022,5102678.0,3548500.0,340.0,1705.03
978,07/10/2022,5102678.0,3548500.0,320.0,1705.03
979,28/10/2022,5102678.0,3548500.0,310.0,1705.03
980,18/11/2022,5102678.0,3548500.0,300.0,1705.03
981,10/02/2023,5102678.0,3548500.0,430.0,1705.03
982,17/03/2023,5102678.0,3548500.0,380.0,1705.03
983,21/04/2023,5102678.0,3548500.0,351.0,1705.03
984,28/04/2023,5102678.0,3548500.0,355.0,1705.03
985,19/05/2023,5102678.0,3548500.0,395.0,1705.03
986,26/05/2023,5102678.0,3548500.0,420.0,1705.03
987,09/06/2023,5102678.0,3548500.0,400.0,1705.03
988,16/06/2023,5102678.0,3548500.0,392.5,1705.03
989,30/06/2023,5102678.0,3548500.0,405.0,1705.03
990,14/07/2023,5102678.0,3548500.0,450.0,1705.03
991,25/08/2023,5102678.0,3548500.0,399.0,1705.03
992,06/10/2023,5102678.0,3548500.0,475.0,1705.03
993,09/02/2024,5102678.0,3548500.0,345.0,1705.03
994,03/05/2024,5102678.0,3548500.0,330.0,1705.03
995,17/05/2024,5102678.0,3548500.0,375.0,1705.03
996,07/01/2022,5103353.0,3548500.0,375.0,2014.32
997,21/01/2022,5103353.0,3548500.0,320.0,2014.32
998,28/01/2022,5103353.0,3548500.0,450.0,2014.32
999,04/02/2022,5103353.0,3548500.0,470.0,2014.32
1000,25/02/2022,5103353.0,3548500.0,420.0,2014.32
1001,11/03/2022,5103353.0,3548500.0,480.0,2014.32
1002,18/03/2022,5103353.0,3548500.0,560.0,2014.32
1003,25/03/2022,5103353.0,3548500.0,550.0,2014.32
1004,08/04/2022,5103353.0,3548500.0,525.0,2014.32
1005,22/04/2022,5103353.0,3548500.0,540.0,2014.32
1006,13/05/2022,5103353.0,3548500.0,510.0,2014.32
1007,03/06/2022,5103353.0,3548500.0,520.0,2014.32
1008,24/06/2022,5103353.0,3548500.0,580.0,2014.32
1009,01/07/2022,5103353.0,3548500.0,590.0,2014.32
1010,08/07/2022,5103353.0,3548500.0,600.0,2014.32
1011,22/07/2022,5103353.0,3548500.0,620.0,2014.32
1012,05/08/2022,5103353.0,3548500.0,570.0,2014.32
1013,02/09/2022,5103353.0,3548500.0,500.0,2014.32
1014,23/09/2022,5103353.0,3548500.0,495.0,2014.32
1015,04/11/2022,5103353.0,3548500.0,490.0,2014.32
1016,20/01/2023,5103353.0,3548500.0,430.0,2014.32
1017,17/02/2023,5103353.0,3548500.0,610.0,2014.32
1018,31/03/2023,5103353.0,3548500.0,530.0,2014.32
1019,12/05/2023,5103353.0,3548500.0,483.0,2014.32
1020,19/05/2023,5103353.0,3548500.0,522.0,2014.32
1021,02/06/2023,5103353.0,3548500.0,521.5,2014.32
1022,16/06/2023,5103353.0,3548500.0,551.0,2014.32
1023,07/07/2023,5103353.0,3548500.0,548.0,2014.32
1024,14/07/2023,5103353.0,3548500.0,558.0,2014.32
1025,28/07/2023,5103353.0,3548500.0,563.0,2014.32
1026,04/08/2023,5103353.0,3548500.0,564.0,2014.32
1027,29/09/2023,5103353.0,3548500.0,542.5,2014.32
1028,12/01/2024,5103353.0,3548500.0,410.0,2014.32
1029,19/01/2024,5103353.0,3548500.0,400.0,2014.32
1030,02/02/2024,5103353.0,3548500.0,405.0,2014.32
1031,09/02/2024,5103353.0,3548500.0,460.0,2014.32
1032,08/03/2024,5103353.0,3548500.0,465.0,2014.32
1033,15/03/2024,5103353.0,3548500.0,455.0,2014.32
1034,26/04/2024,5103353.0,3548500.0,475.0,2014.32
1035,05/07/2024,5103353.0,3548500.0,496.0,2014.32
1036,12/07/2024,5103353.0,3548500.0,509.0,2014.32
1037,07/01/2022,5106224.0,3548500.0,375.0,2021.53
1038,21/01/2022,5106224.0,3548500.0,395.0,2021.53
1039,28/01/2022,5106224.0,3548500.0,445.0,2021.53
1040,11/02/2022,5106224.0,3548500.0,415.0,2021.53
1041,18/02/2022,5106224.0,3548500.0,425.0,2021.53
1042,11/03/2022,5106224.0,3548500.0,410.0,2021.53
1043,25/03/2022,5106224.0,3548500.0,495.0,2021.53
1044,15/04/2022,5106224.0,3548500.0,490.0,2021.53
1045,22/04/2022,5106224.0,3548500.0,475.0,2021.53
1046,10/06/2022,5106224.0,3548500.0,535.0,2021.53
1047,17/06/2022,5106224.0,3548500.0,550.0,2021.53
1048,24/06/2022,5106224.0,3548500.0,545.0,2021.53
1049,15/07/2022,5106224.0,3548500.0,540.0,2021.53
1050,22/07/2022,5106224.0,3548500.0,530.0,2021.53
1051,29/07/2022,5106224.0,3548500.0,520.0,2021.53
1052,12/08/2022,5106224.0,3548500.0,485.0,2021.53
1053,19/08/2022,5106224.0,3548500.0,455.0,2021.53
1054,26/08/2022,5106224.0,3548500.0,450.0,2021.53
1055,02/09/2022,5106224.0,3548500.0,440.0,2021.53
1056,30/09/2022,5106224.0,3548500.0,465.0,2021.53
1057,21/10/2022,5106224.0,3548500.0,385.0,2021.53
1058,28/10/2022,5106224.0,3548500.0,420.0,2021.53
1059,06/01/2023,5106224.0,3548500.0,500.0,2021.53
1060,17/02/2023,5106224.0,3548500.0,505.0,2021.53
1061,24/02/2023,5106224.0,3548500.0,480.0,2021.53
1062,03/03/2023,5106224.0,3548500.0,460.0,2021.53
1063,24/03/2023,5106224.0,3548500.0,435.0,2021.53
1064,12/05/2023,5106224.0,3548500.0,444.0,2021.53
1065,30/06/2023,5106224.0,3548500.0,501.0,2021.53
1066,07/07/2023,5106224.0,3548500.0,522.0,2021.53
1067,14/07/2023,5106224.0,3548500.0,542.5,2021.53
1068,21/07/2023,5106224.0,3548500.0,533.34,2021.53
1069,25/08/2023,5106224.0,3548500.0,507.5,2021.53
1070,15/09/2023,5106224.0,3548500.0,522.5,2021.53
1071,22/09/2023,5106224.0,3548500.0,515.0,2021.53
1072,29/09/2023,5106224.0,3548500.0,531.0,2021.53
1073,08/12/2023,5106224.0,3548500.0,533.33,2021.53
1074,01/03/2024,5106224.0,3548500.0,452.5,2021.53
1075,08/03/2024,5106224.0,3548500.0,432.5,2021.53
1076,15/03/2024,5106224.0,3548500.0,417.5,2021.53
1077,22/03/2024,5106224.0,3548500.0,403.0,2021.53
1078,28/03/2024,5106224.0,3548500.0,408.0,2021.53
1079,05/04/2024,5106224.0,3548500.0,422.5,2021.53
1080,12/04/2024,5106224.0,3548500.0,405.0,2021.53
1081,19/04/2024,5106224.0,3548500.0,437.5,2021.53
1082,17/05/2024,5106224.0,3548500.0,467.5,2021.53
1083,24/05/2024,5106224.0,3548500.0,462.5,2021.53
1084,31/05/2024,5106224.0,3548500.0,477.5,2021.53
1085,14/06/2024,5106224.0,3548500.0,471.7,2021.53
1086,28/06/2024,5106224.0,3548500.0,492.5,2021.53
1087,07/01/2022,5107065.0,1501303.0,330.0,1562.12
1088,21/01/2022,5107065.0,1501303.0,310.0,1562.12
1089,28/01/2022,5107065.0,1501303.0,370.0,1562.12
1090,04/02/2022,5107065.0,1501303.0,430.0,1562.12
1091,11/02/2022,5107065.0,1501303.0,415.0,1562.12
1092,25/02/2022,5107065.0,1501303.0,385.0,1562.12
1093,11/03/2022,5107065.0,1501303.0,420.0,1562.12
1094,25/03/2022,5107065.0,1501303.0,425.0,1562.12
1095,15/04/2022,5107065.0,1501303.0,450.0,1562.12
1096,22/04/2022,5107065.0,1501303.0,460.0,1562.12
1097,29/04/2022,5107065.0,1501303.0,490.0,1562.12
1098,27/05/2022,5107065.0,1501303.0,435.0,1562.12
1099,03/06/2022,5107065.0,1501303.0,465.0,1562.12
1100,10/06/2022,5107065.0,1501303.0,449.0,1562.12
1101,17/06/2022,5107065.0,1501303.0,530.0,1562.12
1102,24/06/2022,5107065.0,1501303.0,500.0,1562.12
1103,01/07/2022,5107065.0,1501303.0,477.5,1562.12
1104,08/07/2022,5107065.0,1501303.0,510.0,1562.12
1105,15/07/2022,5107065.0,1501303.0,493.0,1562.12
1106,29/07/2022,5107065.0,1501303.0,487.5,1562.12
1107,12/08/2022,5107065.0,1501303.0,470.0,1562.12
1108,19/08/2022,5107065.0,1501303.0,455.0,1562.12
1109,16/09/2022,5107065.0,1501303.0,410.0,1562.12
1110,23/09/2022,5107065.0,1501303.0,400.0,1562.12
1111,21/10/2022,5107065.0,1501303.0,390.0,1562.12
1112,28/10/2022,5107065.0,1501303.0,405.0,1562.12
1113,25/11/2022,5107065.0,1501303.0,360.0,1562.12
1114,02/12/2022,5107065.0,1501303.0,350.0,1562.12
1115,09/12/2022,5107065.0,1501303.0,320.0,1562.12
1116,13/01/2023,5107065.0,1501303.0,340.0,1562.12
1117,10/02/2023,5107065.0,1501303.0,446.0,1562.12
1118,17/02/2023,5107065.0,1501303.0,468.0,1562.12
1119,24/02/2023,5107065.0,1501303.0,461.0,1562.12
1120,03/03/2023,5107065.0,1501303.0,455.5,1562.12
1121,14/04/2023,5107065.0,1501303.0,415.5,1562.12
1122,12/05/2023,5107065.0,1501303.0,418.0,1562.12
1123,26/05/2023,5107065.0,1501303.0,440.0,1562.12
1124,14/07/2023,5107065.0,1501303.0,475.0,1562.12
1125,21/07/2023,5107065.0,1501303.0,495.0,1562.12
1126,28/07/2023,5107065.0,1501303.0,520.0,1562.12
1127,04/08/2023,5107065.0,1501303.0,516.5,1562.12
1128,15/09/2023,5107065.0,1501303.0,453.33,1562.12
1129,06/10/2023,5107065.0,1501303.0,447.0,1562.12
1130,13/10/2023,5107065.0,1501303.0,450.67,1562.12
1131,20/10/2023,5107065.0,1501303.0,445.0,1562.12
1132,27/10/2023,5107065.0,1501303.0,443.0,1562.12
1133,10/11/2023,5107065.0,1501303.0,392.0,1562.12
1134,24/11/2023,5107065.0,1501303.0,355.0,1562.12
1135,01/12/2023,5107065.0,1501303.0,371.5,1562.12
1136,08/12/2023,5107065.0,1501303.0,360.8,1562.12
1137,12/01/2024,5107065.0,1501303.0,325.0,1562.12
1138,19/01/2024,5107065.0,1501303.0,305.0,1562.12
1139,26/01/2024,5107065.0,1501303.0,348.0,1562.12
1140,02/02/2024,5107065.0,1501303.0,344.67,1562.12
1141,09/02/2024,5107065.0,1501303.0,326.0,1562.12
1142,16/02/2024,5107065.0,1501303.0,342.0,1562.12
1143,08/03/2024,5107065.0,1501303.0,380.0,1562.12
1144,15/03/2024,5107065.0,1501303.0,344.0,1562.12
1145,22/03/2024,5107065.0,1501303.0,345.0,1562.12
1146,28/03/2024,5107065.0,1501303.0,329.5,1562.12
1147,19/04/2024,5107065.0,1501303.0,341.5,1562.12
1148,26/04/2024,5107065.0,1501303.0,335.75,1562.12
1149,03/05/2024,5107065.0,1501303.0,327.0,1562.12
1150,10/05/2024,5107065.0,1501303.0,332.0,1562.12
1151,24/05/2024,5107065.0,1501303.0,342.5,1562.12
1152,14/06/2024,5107065.0,1501303.0,365.0,1562.12
1153,21/06/2024,5107065.0,1501303.0,375.0,1562.12
1154,05/07/2024,5107065.0,1501303.0,346.0,1562.12
1155,12/07/2024,5107065.0,1501303.0,372.5,1562.12
1156,07/01/2022,5100201.0,1501303.0,355.0,1685.77
1157,21/01/2022,5100201.0,1501303.0,320.0,1685.77
1158,28/01/2022,5100201.0,1501303.0,390.0,1685.77
1159,04/02/2022,5100201.0,1501303.0,450.0,1685.77
1160,11/02/2022,5100201.0,1501303.0,465.0,1685.77
1161,11/03/2022,5100201.0,1501303.0,470.0,1685.77
1162,25/03/2022,5100201.0,1501303.0,480.0,1685.77
1163,01/04/2022,5100201.0,1501303.0,495.0,1685.77
1164,08/04/2022,5100201.0,1501303.0,460.0,1685.77
1165,22/04/2022,5100201.0,1501303.0,490.0,1685.77
1166,29/04/2022,5100201.0,1501303.0,510.0,1685.77
1167,17/06/2022,5100201.0,1501303.0,560.0,1685.77
1168,24/06/2022,5100201.0,1501303.0,530.0,1685.77
1169,08/07/2022,5100201.0,1501303.0,540.0,1685.77
1170,15/07/2022,5100201.0,1501303.0,550.0,1685.77
1171,22/07/2022,5100201.0,1501303.0,520.0,1685.77
1172,12/08/2022,5100201.0,1501303.0,500.0,1685.77
1173,19/08/2022,5100201.0,1501303.0,485.0,1685.77
1174,16/09/2022,5100201.0,1501303.0,440.0,1685.77
1175,23/09/2022,5100201.0,1501303.0,430.0,1685.77
1176,01/12/2023,5100201.0,1501303.0,385.0,1685.77
1177,02/02/2024,5100201.0,1501303.0,380.0,1685.77
1178,09/02/2024,5100201.0,1501303.0,400.0,1685.77
1179,23/02/2024,5100201.0,1501303.0,435.0,1685.77
1180,15/03/2024,5100201.0,1501303.0,415.0,1685.77
1181,05/04/2024,5100201.0,1501303.0,360.0,1685.77
1182,31/05/2024,5100201.0,1501303.0,405.0,1685.77
1183,05/07/2024,5100201.0,1501303.0,372.5,1685.77
1184,12/07/2024,5100201.0,1501303.0,370.0,1685.77
1185,07/01/2022,5103353.0,1501303.0,260.0,1262.43
1186,21/01/2022,5103353.0,1501303.0,247.5,1262.43
1187,28/01/2022,5103353.0,1501303.0,310.0,1262.43
1188,04/02/2022,5103353.0,1501303.0,335.0,1262.43
1189,11/02/2022,5103353.0,1501303.0,340.0,1262.43
1190,18/02/2022,5103353.0,1501303.0,350.0,1262.43
1191,04/03/2022,5103353.0,1501303.0,300.0,1262.43
1192,18/03/2022,5103353.0,1501303.0,305.0,1262.43
1193,25/03/2022,5103353.0,1501303.0,322.5,1262.43
1194,01/04/2022,5103353.0,1501303.0,315.0,1262.43
1195,08/04/2022,5103353.0,1501303.0,320.0,1262.43
1196,15/04/2022,5103353.0,1501303.0,314.0,1262.43
1197,22/04/2022,5103353.0,1501303.0,321.0,1262.43
1198,20/05/2022,5103353.0,1501303.0,313.0,1262.43
1199,27/05/2022,5103353.0,1501303.0,355.0,1262.43
1200,03/06/2022,5103353.0,1501303.0,360.0,1262.43
1201,10/06/2022,5103353.0,1501303.0,400.0,1262.43
1202,17/06/2022,5103353.0,1501303.0,420.0,1262.43
1203,24/06/2022,5103353.0,1501303.0,430.0,1262.43
1204,08/07/2022,5103353.0,1501303.0,438.0,1262.43
1205,15/07/2022,5103353.0,1501303.0,459.0,1262.43
1206,22/07/2022,5103353.0,1501303.0,452.5,1262.43
1207,19/08/2022,5103353.0,1501303.0,365.5,1262.43
1208,26/08/2022,5103353.0,1501303.0,368.0,1262.43
1209,09/09/2022,5103353.0,1501303.0,380.0,1262.43
1210,16/09/2022,5103353.0,1501303.0,330.0,1262.43
1211,30/09/2022,5103353.0,1501303.0,304.67,1262.43
1212,14/10/2022,5103353.0,1501303.0,345.0,1262.43
1213,28/10/2022,5103353.0,1501303.0,405.0,1262.43
1214,04/11/2022,5103353.0,1501303.0,325.0,1262.43
1215,02/12/2022,5103353.0,1501303.0,280.0,1262.43
1216,09/12/2022,5103353.0,1501303.0,270.0,1262.43
1217,20/01/2023,5103353.0,1501303.0,287.5,1262.43
1218,27/01/2023,5103353.0,1501303.0,326.0,1262.43
1219,03/02/2023,5103353.0,1501303.0,357.5,1262.43
1220,10/02/2023,5103353.0,1501303.0,351.0,1262.43
1221,17/02/2023,5103353.0,1501303.0,383.0,1262.43
1222,24/02/2023,5103353.0,1501303.0,390.0,1262.43
1223,03/03/2023,5103353.0,1501303.0,394.0,1262.43
1224,10/03/2023,5103353.0,1501303.0,370.0,1262.43
1225,17/03/2023,5103353.0,1501303.0,397.0,1262.43
1226,24/03/2023,5103353.0,1501303.0,399.0,1262.43
1227,14/04/2023,5103353.0,1501303.0,352.5,1262.43
1228,28/04/2023,5103353.0,1501303.0,332.0,1262.43
1229,12/05/2023,5103353.0,1501303.0,356.0,1262.43
1230,26/05/2023,5103353.0,1501303.0,362.5,1262.43
1231,30/06/2023,5103353.0,1501303.0,357.0,1262.43
1232,07/07/2023,5103353.0,1501303.0,373.0,1262.43
1233,14/07/2023,5103353.0,1501303.0,418.0,1262.43
1234,21/07/2023,5103353.0,1501303.0,432.0,1262.43
1235,28/07/2023,5103353.0,1501303.0,445.5,1262.43
1236,04/08/2023,5103353.0,1501303.0,440.0,1262.43
1237,11/08/2023,5103353.0,1501303.0,395.0,1262.43
1238,25/08/2023,5103353.0,1501303.0,348.67,1262.43
1239,01/09/2023,5103353.0,1501303.0,381.63,1262.43
1240,08/09/2023,5103353.0,1501303.0,382.0,1262.43
1241,15/09/2023,5103353.0,1501303.0,384.67,1262.43
1242,22/09/2023,5103353.0,1501303.0,394.67,1262.43
1243,13/10/2023,5103353.0,1501303.0,384.0,1262.43
1244,27/10/2023,5103353.0,1501303.0,386.0,1262.43
1245,03/11/2023,5103353.0,1501303.0,321.67,1262.43
1246,10/11/2023,5103353.0,1501303.0,329.67,1262.43
1247,24/11/2023,5103353.0,1501303.0,295.0,1262.43
1248,01/12/2023,5103353.0,1501303.0,290.0,1262.43
1249,28/12/2023,5103353.0,1501303.0,250.0,1262.43
1250,12/01/2024,5103353.0,1501303.0,255.0,1262.43
1251,19/01/2024,5103353.0,1501303.0,235.0,1262.43
1252,26/01/2024,5103353.0,1501303.0,276.0,1262.43
1253,02/02/2024,5103353.0,1501303.0,288.33,1262.43
1254,09/02/2024,5103353.0,1501303.0,268.0,1262.43
1255,01/03/2024,5103353.0,1501303.0,332.5,1262.43
1256,08/03/2024,5103353.0,1501303.0,311.0,1262.43
1257,22/03/2024,5103353.0,1501303.0,260.33,1262.43
1258,28/03/2024,5103353.0,1501303.0,254.0,1262.43
1259,05/04/2024,5103353.0,1501303.0,263.67,1262.43
1260,26/04/2024,5103353.0,1501303.0,263.75,1262.43
1261,03/05/2024,5103353.0,1501303.0,268.67,1262.43
1262,10/05/2024,5103353.0,1501303.0,275.0,1262.43
1263,17/05/2024,5103353.0,1501303.0,275.17,1262.43
1264,21/06/2024,5103353.0,1501303.0,288.7,1262.43
1265,28/06/2024,5103353.0,1501303.0,296.7,1262.43
1266,05/07/2024,5103353.0,1501303.0,291.8,1262.43
1267,12/07/2024,5103353.0,1501303.0,332.3,1262.43
